<?xml version='1.0' encoding='UTF-8'?>
<weblogic-web-app xmlns="http://www.bea.com/ns/weblogic/weblogic-web-app" xmlns:xsi="http://www.w3.org/2001/XMLSchema-instance" xsi:schemaLocation="http://www.bea.com/ns/weblogic/weblogic-web-app http://www.bea.com/ns/weblogic/weblogic-web-app/1.0/weblogic-web-app.xsd">
 <resource-description>
 <res-ref-name>jms/qcf</res-ref-name>
 <jndi-name>jms/cf1</jndi-name>
 </resource-description>
  <resource-description>
 <res-ref-name>jms/queue_sender</res-ref-name>
 <jndi-name>jms/q1</jndi-name>
 </resource-description>
  <resource-description>
 <res-ref-name>jms/queue_receiver</res-ref-name>
 <jndi-name>jms/q1</jndi-name>
 </resource-description>
</weblogic-web-app>
